cpu,mean,std,min,max,count
face_parsing,32.28564262390137,2.9580944979577906,27.251005172729492,43.92552375793457,100
