cpu,mean,std,min,max,count
face_parsing,27.271127700805664,2.437932957570119,23.99611473083496,40.059566497802734,100
