cuda,mean,std,min,max,count
face_parsing,3.7820053100585938,0.16315325254420018,3.729104995727539,6.071329116821289,200
