mtgpu,mean,std,min,max,count
face_parsing,65.04388332366943,85.97208568122994,5.515336990356445,277.06146240234375,100
