mtgpu,mean,std,min,max,count
face_parsing,66.10956311225891,89.97865410160466,4.791736602783203,262.33482360839844,200
